wavelength,Intensity
353.174,-1.29327
353.407,-0.61702
353.64,-0.20117
353.874,-0.63866
354.107,-0.0845
354.34,-0.32753
354.573,0.04872
354.806,-0.32295
355.039,-0.27891
355.272,0.17175
355.505,0.53879
355.738,0.68131
355.971,0.70188
356.204,1.04759
356.437,1.02708
356.67,1.11836
356.903,1.01135
357.136,1.29614
357.369,1.64154
357.602,1.94144
357.835,2.31777
358.068,2.44954
358.301,2.38254
358.534,2.40725
358.766,2.72276
358.999,2.71144
359.232,2.75766
359.465,2.48801
359.698,3.03153
359.931,2.93511
360.163,2.50303
360.396,2.04572
360.629,2.08121
360.862,2.46685
361.094,2.12674
361.327,2.30917
361.56,2.11628
361.793,2.17707
362.025,2.12621
362.258,2.02447
362.491,1.81131
362.723,1.71483
362.956,1.31927
363.189,0.94385
363.421,0.55323
363.654,0.28954
363.886,-0.42554
364.119,0.14244
364.352,-0.01984
364.584,-0.31399
364.817,-0.07563
365.049,0.30982
365.282,0.36052
365.514,0.27431
365.747,-0.25819
365.979,-0.19229
366.212,-0.43568
366.444,-0.31904
366.677,-0.25307
366.909,0.07657
367.141,0.28968
367.374,0.5179
367.606,0.70054
367.839,0.86269
368.071,1.20757
368.303,1.26332
368.536,1.78065
368.768,1.73484
369.0,1.29873
369.233,1.53712
369.465,1.3697
369.697,1.39002
369.93,1.314
370.162,1.5321
370.394,1.7147
370.626,1.80089
370.859,1.72479
371.091,1.88202
371.323,1.63347
371.555,1.6284
371.787,1.21256
372.02,0.79154
372.252,0.67998
372.484,0.64951
372.716,1.00455
372.948,0.84223
373.18,0.75094
373.412,0.51252
373.644,0.87778
373.876,0.90821
374.108,0.41616
374.34,0.72558
374.573,0.72558
374.805,0.94877
375.037,0.86761
375.269,0.67992
375.501,1.09084
375.732,1.13651
375.964,1.05029
376.196,1.27348
376.428,1.21261
376.66,1.52205
376.892,1.58291
377.124,1.57782
377.356,1.1974
377.588,0.79165
377.82,1.11118
378.051,1.60317
378.283,1.5981
378.515,1.83647
378.747,1.83647
378.979,2.4705
379.21,2.50093
379.442,2.09517
379.674,1.61327
379.906,1.5727
380.137,1.88719
380.369,1.45602
380.601,1.24806
380.833,1.16184
381.064,1.1872
381.296,1.51684
381.528,0.96903
381.759,0.90817
381.991,0.94367
382.222,1.76531
382.454,1.6892
382.686,1.4001
382.917,1.08056
383.149,1.21243
383.38,1.43558
383.612,1.1769
383.843,1.06026
384.075,0.75592
384.306,1.07546
384.538,1.04502
384.769,1.29355
385.001,1.15659
385.232,1.30876
385.464,1.85147
385.695,1.89711
385.927,1.93262
386.158,1.71455
386.389,2.27752
386.621,2.30287
386.852,2.04421
387.083,1.40011
387.315,1.38997
387.546,1.34939
387.777,1.12625
388.009,0.92845
388.24,0.84729
388.471,0.7712
388.703,0.51253
388.934,0.54804
389.165,0.93858
389.396,1.19217
389.627,0.67481
389.859,0.41105
390.09,0.55305
390.321,0.11179
390.552,0.22337
390.783,0.28931
391.014,0.06614
391.246,0.29938
391.477,0.0965
391.708,0.39574
391.939,0.35517
392.17,0.53271
392.401,0.46677
392.632,0.74063
392.863,0.76092
393.094,0.40085
393.325,0.5074
393.556,0.52771
393.787,0.9943
394.018,0.73562
394.249,0.78126
394.48,1.37468
394.711,1.49642
394.942,1.55728
395.173,1.63844
395.404,1.73988
395.634,2.11003
395.865,2.32304
396.096,2.20643
396.327,2.54626
396.558,2.33832
396.789,2.69331
397.02,3.38817
397.25,3.36281
397.481,3.44904
397.712,3.61641
397.943,4.21993
398.173,4.28585
398.404,4.722
398.635,4.2757
398.865,3.9359
399.096,3.84965
399.327,3.91052
399.558,4.11338
399.788,4.06773
400.019,4.73212
400.249,4.38723
400.48,3.95621
400.711,3.58598
400.941,3.1549
401.172,2.98246
401.402,3.49465
401.633,3.72282
401.863,3.3069
402.094,3.33733
402.324,3.33225
402.555,3.3576
402.785,3.0127
403.016,3.47929
403.246,3.33727
403.477,3.84446
403.707,4.11326
403.938,3.88506
404.168,3.89006
404.398,3.66185
404.629,3.5097
404.859,3.44879
405.09,3.57559
405.32,3.75815
405.55,4.13852
405.781,3.97119
406.011,4.57463
406.241,4.17908
406.471,3.95597
406.702,4.15375
406.932,4.55435
407.162,4.4732
407.392,4.66083
407.623,5.01071
407.853,4.91942
408.083,5.19329
408.313,5.36056
408.543,5.51262
408.774,5.8169
409.004,5.35543
409.234,5.80674
409.464,6.3493
409.694,6.4406
409.924,6.79053
410.154,7.01362
410.384,7.40915
410.614,8.00753
410.844,7.62215
411.074,7.99236
411.304,8.03293
411.534,7.93147
411.764,7.87058
411.994,8.40807
412.224,8.6869
412.454,8.43334
412.684,8.83389
412.914,8.93021
413.144,8.45861
413.374,8.40287
413.604,8.56514
413.834,9.21931
414.063,9.64027
414.293,10.02058
414.523,10.35001
414.753,10.25867
414.983,10.16734
415.212,10.17228
415.442,10.51698
415.672,10.75023
415.902,11.18123
416.131,11.55145
416.361,11.86586
416.591,12.06876
416.821,12.05361
417.05,11.8711
417.28,12.38303
417.51,12.52503
417.739,12.64161
417.969,12.84953
418.198,13.28053
418.428,13.4579
418.658,13.35135
418.887,12.87461
419.117,12.71229
419.346,12.14952
419.576,12.72252
419.805,13.10291
420.035,13.25509
420.264,13.10304
420.494,13.3515
420.723,12.79367
420.953,12.56538
421.182,12.60076
421.412,12.61584
421.641,12.78297
421.871,13.35071
422.1,12.9655
422.329,13.09223
422.559,13.36088
422.788,13.57384
423.017,13.94394
423.247,14.36484
423.476,14.79068
423.705,15.45479
423.935,15.89596
424.164,16.42824
424.393,16.52453
424.622,16.54466
424.852,16.38235
425.081,16.91974
425.31,17.57873
425.539,18.45074
425.768,18.69414
425.998,18.85633
426.227,19.24167
426.456,19.64199
426.685,19.67243
426.914,20.47857
427.143,20.4784
427.372,20.7978
427.601,21.83706
427.831,22.08535
428.06,22.06987
428.289,22.40937
428.518,22.42456
428.747,22.27234
428.976,22.61706
429.205,22.91088
429.434,23.5596
429.663,23.77247
429.892,23.81819
430.12,23.85875
430.349,23.92968
430.578,24.68982
430.807,25.22695
431.036,25.62726
431.265,25.89112
431.494,26.40315
431.723,26.10398
431.951,26.81871
432.18,27.16344
432.409,27.05171
432.638,27.15798
432.867,27.55342
433.095,27.48247
433.324,27.73076
433.553,28.23748
433.782,28.58196
434.01,28.39949
434.239,28.3335
434.468,28.68824
434.696,28.82971
434.925,29.19442
435.154,29.61522
435.382,29.54425
435.611,29.87364
435.839,29.75704
436.068,30.01538
436.297,30.44079
436.525,31.3025
436.754,31.35831
436.982,31.15013
437.211,31.56568
437.439,31.6417
437.668,31.97109
437.896,32.30558
438.125,32.90872
438.353,32.85775
438.582,33.14173
438.81,34.19089
439.039,34.37333
439.267,35.09809
439.495,35.18964
439.724,35.24034
439.952,35.2197
440.18,35.36147
440.409,35.19932
440.637,35.89869
440.865,36.18759
441.094,35.76181
441.322,35.72629
441.55,35.80724
441.778,35.95387
442.007,35.95378
442.235,36.17663
442.463,36.17174
442.691,36.54178
442.92,36.5367
443.148,36.78522
443.376,36.81532
443.604,36.54146
443.832,36.78476
444.06,36.67325
444.288,37.15438
444.516,36.84491
444.745,37.32634
444.973,38.23897
445.201,38.45156
445.429,38.32486
445.657,38.29423
445.885,38.40554
446.113,38.49661
446.341,38.66875
446.569,39.26698
446.797,39.64195
447.025,39.86513
447.253,40.58948
447.481,41.00475
447.708,41.09563
447.936,41.57709
448.164,41.69873
448.392,42.45347
448.62,43.16279
448.848,43.52258
449.076,43.84171
449.303,44.97679
449.531,45.25011
449.759,45.08229
449.987,45.28008
450.214,45.76125
450.442,46.02445
450.67,46.70343
450.898,47.14433
451.125,47.74213
451.353,48.12187
451.581,48.71517
451.808,49.17592
452.036,49.39849
452.264,50.05649
452.491,50.56329
452.719,51.03903
452.947,51.25658
453.174,51.36314
453.402,51.19581
453.629,51.66672
453.857,51.996
454.084,52.36081
454.312,52.75597
454.539,53.27248
454.767,53.784
454.994,54.30066
455.222,54.72107
455.449,55.00488
455.677,55.50099
455.904,56.31164
456.131,57.12735
456.359,56.96456
456.586,57.47612
456.814,57.84555
457.041,57.80495
457.268,58.4731
457.496,58.55404
457.723,59.06573
457.95,59.26306
458.178,59.71879
458.405,60.03773
458.632,60.41225
458.859,60.13826
459.087,59.90982
459.314,60.1681
459.541,60.37566
459.768,60.33994
459.995,60.28395
460.222,60.54696
460.45,60.6075
460.677,59.65009
460.904,59.20902
461.131,59.58391
461.358,59.69519
461.585,59.30059
461.812,59.01743
462.039,58.79008
462.266,59.44396
462.493,59.51444
462.72,59.34215
462.947,58.95173
463.174,58.58687
463.401,58.77435
463.628,59.50417
463.855,59.76304
464.082,59.41868
464.309,59.66186
464.536,59.91081
464.763,60.42251
464.99,60.58992
465.217,60.48878
465.443,61.48169
465.67,61.41628
465.897,61.1935
466.124,61.12782
466.351,61.39634
466.577,61.80166
466.804,61.75586
467.031,61.54349
467.258,61.33636
467.484,61.30112
467.711,61.63584
467.938,61.69662
468.165,61.4077
468.391,61.09869
468.618,60.58664
468.844,60.85979
469.071,60.56143
469.298,60.08976
469.524,59.93863
469.751,59.78147
469.977,59.6142
470.204,59.45656
470.431,59.46649
470.657,59.68392
470.884,59.54191
471.11,59.56221
471.337,59.61294
471.563,59.51695
471.79,58.7209
472.016,59.27312
472.242,59.25765
472.469,59.50067
472.695,59.75421
472.922,60.25638
473.148,60.05906
473.374,60.6974
473.601,60.89023
473.827,61.50326
474.053,62.48116
474.28,62.59201
474.506,62.70385
474.732,62.84576
474.959,62.73433
475.185,63.1753
475.411,63.60088
475.637,63.90494
475.864,63.89429
476.09,63.50375
476.316,63.2955
476.542,63.76166
476.768,63.57385
476.994,64.05522
477.221,64.25832
477.447,63.98494
477.673,63.47293
477.899,63.67506
478.125,63.89321
478.351,63.79199
478.577,63.53857
478.803,63.2392
479.029,63.45234
479.255,63.54832
479.481,63.91836
479.707,64.2528
479.933,64.08517
480.159,63.92823
480.385,63.96832
480.611,64.3129
480.837,64.85514
481.063,65.61522
481.288,65.77237
481.514,65.83807
481.74,65.67122
481.966,65.85333
482.192,66.56196
482.418,67.04325
482.643,67.18013
482.869,66.93171
483.095,67.05312
483.321,67.41732
483.547,67.57426
483.772,67.8525
483.998,67.96894
484.224,68.09533
484.449,67.98871
484.675,68.35844
484.901,68.55065
485.126,68.72818
485.352,68.44979
485.578,68.15559
485.803,68.44406
486.029,68.82368
486.254,68.98617
486.48,69.17793
486.705,69.14686
486.931,69.46643
487.156,69.41064
487.382,69.26373
487.607,69.7861
487.833,69.62394
488.058,69.62916
488.284,69.77134
488.509,69.61941
488.735,69.44734
488.96,69.41735
489.186,69.57943
489.411,69.22473
489.636,68.93096
489.862,68.35849
490.087,68.84491
490.312,69.063
490.538,68.67841
490.763,68.40526
490.988,68.4966
491.213,68.16773
491.439,67.56027
491.664,66.90197
491.889,66.53267
492.114,66.70004
492.34,66.49696
492.565,66.25413
492.79,65.74272
493.015,65.13015
493.24,64.88732
493.465,65.03482
493.69,64.75084
493.915,64.11311
494.141,63.66253
494.366,63.29819
494.591,63.4048
494.816,62.77652
495.041,62.4731
495.266,61.99685
495.491,61.56612
495.716,60.75048
495.941,60.56819
496.166,60.42166
496.391,60.1735
496.616,59.78807
496.84,59.01324
497.065,57.9293
497.29,57.73185
497.515,57.50419
497.74,57.1699
497.965,56.89634
498.19,55.69027
498.414,55.01172
498.639,54.63721
498.864,54.22226
499.089,53.9537
499.314,53.57933
499.538,53.12371
499.763,52.53617
499.988,52.00948
500.212,51.5388
500.437,51.36695
500.662,50.7494
500.886,50.16686
501.111,49.40186
501.336,48.6777
501.56,48.40907
501.785,48.21692
502.01,48.02974
502.234,47.72102
502.459,46.72289
502.683,45.21798
502.908,44.97487
503.132,44.76216
503.357,44.28085
503.581,43.74382
503.806,43.12629
504.03,42.62967
504.255,42.3056
504.479,41.89047
504.703,41.60209
504.928,40.83179
505.152,40.32509
505.377,39.99548
505.601,39.89934
505.825,39.79322
506.05,39.67176
506.274,39.14007
506.498,39.10447
506.723,38.48637
506.947,38.19764
507.171,38.26372
507.395,38.3603
507.62,38.17789
507.844,37.91451
508.068,37.59029
508.292,37.62603
508.516,37.10362
508.741,36.75424
508.965,36.18676
509.189,35.79123
509.413,35.38062
509.637,35.2337
509.861,34.64586
510.085,34.11367
510.309,33.78461
510.533,33.40963
510.757,33.12583
510.981,32.63431
511.205,32.39141
511.429,32.21927
511.653,31.33711
511.877,30.91121
512.101,31.15466
512.325,30.80499
512.549,30.14601
512.773,29.88739
512.997,29.55298
513.221,29.64446
513.445,29.11221
513.668,29.08701
513.892,29.20372
514.116,29.23428
514.34,29.51355
514.564,29.40209
514.787,29.09809
515.011,28.31227
515.235,28.02343
515.459,27.54196
515.682,27.15146
515.906,25.90424
516.13,25.05248
516.353,25.00185
516.577,24.73332
516.801,24.26184
517.024,24.14023
517.248,23.7297
517.472,23.4663
517.695,22.96939
517.919,22.31052
518.142,22.29554
518.366,21.8748
518.589,21.56048
518.813,21.17028
519.036,20.48564
519.26,20.23735
519.483,20.47062
519.707,20.72929
519.93,20.59734
520.154,20.87622
520.377,20.79524
520.6,21.14001
520.824,21.11475
521.047,21.16557
521.271,20.77517
521.494,20.31895
521.717,20.19233
521.941,20.05545
522.164,19.58906
522.387,19.40661
522.61,19.6703
522.834,19.03133
523.057,18.52418
523.28,18.32651
523.503,18.35184
523.726,18.14397
523.95,17.84981
524.173,17.3327
524.396,16.5619
524.619,16.0296
524.842,15.49214
525.065,15.35516
525.288,15.09154
525.511,15.18802
525.735,14.75209
525.958,14.99051
526.181,14.92466
526.404,14.77262
526.627,14.81329
526.85,14.87929
527.073,14.65104
527.296,14.23533
527.519,14.13896
527.741,14.39782
527.964,13.87047
528.187,13.38372
528.41,13.41437
528.633,13.21662
528.856,13.22179
529.079,13.30806
529.302,13.45011
529.524,13.16613
529.747,13.2068
529.97,13.05469
530.193,12.66922
530.416,12.23812
530.638,11.64991
530.861,11.41658
531.084,11.26944
531.306,11.19337
531.529,10.82314
531.752,10.66601
531.974,10.11318
532.197,10.15385
532.42,9.69225
532.642,9.33226
532.865,8.97726
533.087,8.41421
533.31,8.54612
533.533,8.18601
533.755,7.89692
533.978,7.73465
534.2,7.86655
534.423,7.54705
534.645,7.38476
534.868,7.36965
535.09,7.33921
535.312,7.38991
535.535,7.88691
535.757,7.4458
535.98,7.47119
536.202,7.28859
536.424,7.25313
536.647,7.51682
536.869,7.5066
537.091,7.28852
537.314,7.53706
537.536,7.42041
537.758,7.97832
537.981,7.53705
538.203,7.37478
538.425,7.79061
538.647,7.9529
538.869,7.28338
539.092,7.35946
539.314,7.60294
539.536,7.32904
539.758,7.1617
539.98,7.57254
540.202,7.05016
540.424,7.28338
540.647,7.14645
540.869,7.67912
541.091,7.82612
541.313,7.62837
541.535,7.64365
541.757,8.03931
541.979,7.4256
542.201,7.50168
542.423,7.14669
542.645,7.57779
542.867,7.82125
543.088,7.66914
543.31,7.0149
543.532,7.9025
543.754,7.90757
543.976,8.03439
544.198,8.25249
544.42,7.90759
544.641,7.4511
544.863,7.27361
545.085,7.21276
545.307,6.90336
545.529,6.19318
545.75,6.03096
545.972,6.51792
546.194,6.51284
546.415,6.23388
546.637,7.08586
546.859,7.22275
547.08,7.01476
547.302,6.63438
547.524,6.58365
547.745,6.50253
547.967,6.59383
548.189,6.27945
548.41,5.73166
548.632,5.31066
548.853,5.56423
549.075,6.24894
549.296,6.4163
549.518,6.51777
549.739,6.7156
549.961,6.9489
550.182,7.11118
550.403,7.11119
550.625,6.66484
550.846,6.30472
551.068,6.37063
551.289,5.4933
551.51,5.00137
551.732,5.17384
551.953,4.99632
552.174,5.13832
552.396,5.36656
552.617,5.71142
552.838,5.17878
553.059,5.87866
553.281,5.8736
553.502,5.58451
553.723,4.93532
553.944,4.83388
554.166,4.93533
554.387,4.99615
554.608,5.10778
554.829,5.46283
555.05,5.40191
555.271,5.22942
555.492,5.48307
555.713,5.59466
555.934,5.81782
556.155,6.2692
556.376,6.01051
556.597,6.22354
556.818,5.91416
557.039,5.56925
557.26,5.60981
557.481,6.35036
557.702,6.01058
557.923,6.0461
558.144,5.60993
558.365,5.63529
558.586,5.59474
558.807,5.51868
559.028,4.89489
559.248,4.61083
559.469,4.30145
559.69,4.29641
559.911,4.58048
560.132,5.0115
560.352,4.48908
560.573,5.01647
560.794,5.0926
561.015,5.65052
561.235,6.1983
561.456,6.36064
561.677,6.45702
561.897,6.4368
562.118,6.21869
562.339,6.42158
562.559,7.01496
562.78,7.55768
563.0,7.97864
563.221,7.84676
563.441,7.64385
563.662,7.64385
563.882,7.82137
564.103,7.85686
564.323,7.98367
564.544,8.10027
564.764,7.78582
564.985,7.88726
565.205,7.56781
565.426,7.64396
565.646,7.47661
565.866,7.52218
566.087,7.37506
566.307,7.2533
566.528,7.10115
566.748,6.72582
566.968,6.60916
567.188,6.05121
567.409,5.55919
567.629,5.52874
567.849,5.31063
568.069,5.37656
568.29,5.81271
568.51,5.86343
568.73,6.1373
568.95,6.20825
569.17,5.99522
569.39,5.73152
569.611,5.76703
569.831,5.91921
570.051,5.55899
570.271,5.39667
570.491,5.21916
570.711,5.4575
570.931,5.41187
571.151,5.10244
571.371,5.30022
571.591,5.27992
571.811,5.26475
572.031,5.56399
572.251,5.80745
572.471,6.32985
572.691,6.26901
572.911,6.45171
573.131,6.54805
573.35,6.13723
573.57,6.10681
573.79,6.16768
574.01,6.5227
574.23,7.02472
574.449,6.79647
574.669,6.67982
574.889,6.68994
575.109,6.62409
575.328,6.91833
575.548,7.09585
575.768,7.59796
575.988,7.44583
576.207,7.62839
576.427,7.669
576.647,7.7654
576.866,7.74506
577.086,7.77039
577.305,7.94282
577.525,7.6486
577.744,7.42546
577.964,7.78554
578.184,7.80085
578.403,7.62334
578.623,7.28861
578.842,7.03005
579.062,7.02497
579.281,7.12643
579.5,7.50169
579.72,7.19228
579.939,6.91841
580.159,7.25318
580.378,7.28866
580.597,7.68429
580.817,7.77559
581.036,7.83642
581.255,8.07472
581.475,7.99366
581.694,7.99371
581.913,7.79082
582.132,8.18651
582.352,8.33865
582.571,7.6033
582.79,6.91348
583.009,7.10621
583.229,7.07577
583.448,7.10619
583.667,7.01998
583.886,6.74608
584.105,6.41652
584.324,6.75128
584.543,6.84252
584.762,6.49253
584.981,6.48749
585.2,5.98029
585.419,5.47312
585.638,5.41734
585.857,4.91526
586.076,4.64134
586.295,4.30659
586.514,4.41312
586.733,3.77902
586.952,3.58634
587.171,4.27099
587.39,4.80861
587.609,4.21015
587.828,4.33693
588.047,4.31151
588.265,4.17457
588.484,4.5093
588.703,4.24551
588.922,3.92596
589.141,3.94116
589.359,3.72307
589.578,3.16009
589.797,3.4999
590.015,3.70275
590.234,3.74841
590.453,4.1745
590.671,4.19479
590.89,4.37232
591.109,4.43316
591.327,4.45345
591.546,4.06795
591.764,3.75857
591.983,3.65202
592.202,4.35193
592.42,4.37224
592.639,4.22011
592.857,4.60558
593.076,4.47879
593.294,4.58532
593.513,4.29115
593.731,3.81442
593.949,3.62168
594.168,4.04255
594.386,3.67738
594.605,3.96134
594.823,4.14897
595.041,3.70768
595.26,3.88518
595.478,3.98659
595.696,3.78879
595.914,3.8902
596.133,4.05251
596.351,3.9815
596.569,4.2503
596.787,3.93077
597.006,3.57067
597.224,3.48954
597.442,3.00264
597.66,2.87584
597.878,2.80989
598.096,3.44899
598.315,3.67724
598.533,3.94099
598.751,3.66214
598.969,4.0882
599.187,3.87021
599.405,3.34275
599.623,3.47972
599.841,3.52032
600.059,3.03344
600.277,2.96244
600.495,2.66829
600.713,2.58207
600.931,2.81538
601.149,2.59732
601.366,2.59225
601.584,3.14503
601.802,3.37327
602.02,3.71308
602.238,3.74351
602.456,3.30731
602.674,2.51094
602.891,2.658
603.109,2.68337
603.327,2.66308
603.545,2.32831
603.762,2.2573
603.98,2.78985
604.198,2.51086
604.415,2.3181
604.633,2.70863
604.851,2.38909
605.068,2.663
605.286,2.8253
605.503,2.79993
605.721,2.99269
605.939,2.93689
606.156,2.81522
606.374,2.61233
606.591,2.57686
606.809,2.68336
607.026,3.05362
607.244,3.29205
607.461,2.99281
607.679,3.09934
607.896,3.22612
608.113,3.26671
608.331,3.22613
608.548,2.97759
608.766,3.20582
608.983,2.94208
609.2,2.70878
609.418,3.27177
609.635,3.23623
609.852,2.9319
610.069,2.51598
610.287,2.09499
610.504,2.52108
610.721,1.98853
610.938,1.91246
611.155,1.88709
611.373,1.83639
611.59,2.07985
611.807,2.24215
612.024,2.21172
612.241,2.16602
612.458,2.26243
612.675,2.44503
612.892,2.67839
613.109,2.61752
613.326,2.50594
613.543,3.18053
613.76,3.3682
613.977,3.48991
614.194,3.44935
614.411,3.75876
614.628,4.47901
614.845,4.51451
615.062,4.15437
615.279,4.76805
615.496,4.81369
615.713,4.82891
615.93,4.70717
616.146,4.65644
616.363,5.07238
616.58,5.04194
616.797,4.62096
617.014,4.3572
617.23,4.19487
617.447,3.65211
617.664,3.45433
617.88,3.7891
618.097,3.58621
618.314,3.64199
618.53,3.36306
618.747,2.8204
618.964,2.60736
619.18,2.22697
619.397,2.28276
619.613,2.26247
619.83,1.93788
620.047,2.00888
620.263,1.95309
620.48,2.09511
620.696,1.97844
620.913,1.08572
621.129,1.17194
621.345,1.4002
621.562,1.70448
621.778,1.99864
621.995,2.34859
622.211,2.14062
622.427,1.54719
622.644,1.46099
622.86,1.28347
623.076,1.47619
623.293,2.24709
623.509,2.67316
623.725,2.99273
623.942,3.17533
624.158,3.2869
624.374,3.52526
624.59,3.43904
624.806,3.52021
625.023,3.40355
625.239,3.51517
625.455,3.85501
625.671,3.713
625.887,3.9818
626.103,3.62681
626.319,3.15512
626.535,2.82041
626.751,3.08408
626.967,3.4898
627.183,3.51515
627.399,3.41878
627.615,3.21084
627.831,2.89638
628.047,2.84564
628.263,2.24709
628.479,1.9732
628.695,1.64353
628.911,1.4407
629.127,1.60298
629.343,1.17181
629.558,1.09067
629.774,0.64432
629.99,0.87761
630.206,0.65952
630.422,0.5885
630.637,0.98405
630.853,1.28329
631.069,1.62818
631.285,1.73477
631.5,1.23269
631.716,1.06024
631.932,0.98923
632.147,0.64938
632.363,0.66459
632.579,0.64938
632.794,0.69503
633.01,0.66967
633.225,1.15144
633.441,1.25285
633.656,1.14636
633.872,1.46591
634.087,1.86155
634.303,2.31296
634.518,2.15575
634.734,2.46513
634.949,2.1862
635.165,2.3181
635.38,2.43482
635.595,2.69347
635.811,2.88621
636.026,3.15502
636.241,3.15501
636.457,3.62162
636.672,3.91581
636.887,4.30131
637.103,4.73237
637.318,5.12801
637.533,5.09758
637.748,4.73753
637.964,4.50424
638.179,4.8897
638.394,4.85927
638.609,4.74764
638.824,4.88453
639.039,5.20907
639.255,5.60965
639.47,5.78717
639.685,5.67055
639.9,6.19798
640.115,5.61981
640.33,5.71107
640.545,6.1777
640.76,6.3045
640.975,6.64937
641.19,6.94862
641.405,6.9485
641.62,6.58844
641.835,6.03052
642.05,6.90792
642.264,7.51649
642.479,7.74982
642.694,7.55203
642.909,7.69403
643.124,7.42016
643.339,7.41509
643.553,6.84207
643.768,6.65957
643.983,7.02983
644.198,6.57335
644.412,6.14728
644.627,6.73046
644.842,6.92825
645.056,7.01449
645.271,7.2021
645.486,6.82676
645.7,6.71011
645.915,6.65944
646.13,6.87751
646.344,7.46579
646.559,6.48191
646.773,6.41088
646.988,6.77599
647.202,6.68969
647.417,7.12574
647.631,7.5923
647.846,7.7546
648.06,8.19074
648.275,8.28708
648.489,8.08417
648.703,8.51525
648.918,8.41886
649.132,8.26674
649.347,8.31747
649.561,8.17538
649.775,7.98776
649.99,8.46448
650.204,8.99695
650.418,9.46855
650.632,9.65104
650.847,9.79305
651.061,10.51318
651.275,10.76677
651.489,10.67545
651.703,10.6552
651.917,10.88845
652.132,11.071
652.346,11.11157
652.56,11.92288
652.774,12.66323
652.988,12.82043
653.202,12.87614
653.416,13.35282
653.63,13.51004
653.844,13.19552
654.058,13.32736
654.272,13.70265
654.486,13.43387
654.7,13.5352
654.914,13.14973
655.128,13.16496
655.342,13.15475
655.556,13.41323
655.769,13.43349
655.983,13.8239
656.197,14.52874
656.411,14.39194
656.625,14.45784
656.839,15.14251
657.052,14.33119
657.266,14.11321
657.48,14.60506
657.693,15.09703
657.907,15.06155
658.121,15.50772
658.335,16.60798
658.548,17.05931
658.762,17.56628
658.975,17.90608
659.189,17.73874
659.403,17.99737
659.616,18.41808
659.83,18.77821
660.043,18.75291
660.257,18.84418
660.47,18.71234
660.684,18.79339
660.897,18.9302
661.111,19.13814
661.324,18.73742
661.537,19.18859
661.751,19.16808
661.964,19.2542
662.178,19.0968
662.391,19.47184
662.604,19.22338
662.818,18.8127
663.031,19.25885
663.244,19.47685
663.457,19.52751
663.671,19.89761
663.884,19.9178
664.097,19.96361
664.31,20.25764
664.524,20.11559
664.737,20.369
664.95,20.94699
665.163,20.97733
665.376,21.52997
665.589,22.00126
665.802,22.23449
666.015,22.78223
666.228,22.80768
666.442,22.68088
666.655,22.94963
666.868,23.26914
667.081,24.02965
667.293,24.19188
667.506,23.90251
667.719,23.88688
667.932,24.05895
668.145,24.37326
668.358,24.68758
668.571,24.85461
668.784,24.94067
668.997,25.93448
669.209,26.3603
669.422,26.33485
669.635,26.55285
669.848,26.39541
670.061,26.62868
670.273,27.10997
670.486,27.57619
670.699,27.93092
670.911,28.14388
671.124,28.47842
671.337,28.37673
671.549,27.91519
671.762,27.88478
671.975,27.9558
672.187,28.14348
672.4,28.26519
672.612,28.30046
672.825,28.96445
673.037,28.67032
673.25,28.85782
673.462,28.98957
673.675,29.2985
673.887,29.46069
674.1,30.04869
674.312,30.43397
674.525,30.52497
674.737,31.01153
674.949,31.10245
675.162,31.5435
675.374,31.71079
675.586,31.77126
675.799,32.38453
676.011,33.01803
676.223,33.46386
676.435,33.71201
676.648,33.66611
676.86,33.71679
677.072,33.7521
677.284,34.01058
677.496,34.832
677.709,35.15113
677.921,35.39396
678.133,35.37337
678.345,35.56564
678.557,35.68189
678.769,35.78319
678.981,35.84913
679.193,35.73782
679.405,35.76271
679.617,35.66613
679.829,36.29437
680.041,36.81171
680.253,36.74081
680.465,37.44523
680.677,37.83542
680.889,38.34248
681.101,38.73296
681.313,39.55386
681.525,39.9188
681.736,39.66514
681.948,39.61929
682.16,40.01473
682.372,39.90334
682.584,39.80708
682.795,40.34944
683.007,40.63318
683.219,40.7294
683.43,41.1501
683.642,41.22565
683.854,41.40858
684.065,42.05176
684.277,42.04666
684.489,42.41634
684.7,42.49201
684.912,42.58322
685.123,42.8668
685.335,43.24167
685.547,43.46956
685.758,43.29197
685.97,43.64165
686.181,44.72097
686.393,45.14142
686.604,45.44511
686.815,45.71849
687.027,46.58998
687.238,46.75184
687.45,47.07621
687.661,46.96949
687.872,46.94858
688.084,47.41484
688.295,47.81033
688.506,48.09928
688.718,48.50968
688.929,48.74766
689.14,49.04171
689.351,48.75256
689.563,48.91962
689.774,49.28453
689.985,49.69499
690.196,49.91288
690.407,50.01916
690.618,49.37038
690.829,49.48668
691.041,49.65384
691.252,50.11026
691.463,50.03411
691.674,49.80056
691.885,49.35935
692.096,49.8306
692.307,50.22589
692.518,50.21091
692.729,50.55497
692.94,50.39814
693.151,50.7578
693.361,50.59046
693.572,50.91979
693.783,51.38111
693.994,51.66508
694.205,51.85738
694.416,52.0801
694.627,52.73406
694.837,53.19519
695.048,53.79282
695.259,54.47658
695.47,54.22296
695.68,54.33358
695.891,54.46546
696.102,55.19012
696.312,55.3828
696.523,55.88419
696.734,55.97045
696.944,56.23839
697.155,56.18244
697.366,56.43561
697.576,56.84048
697.787,56.70366
697.997,56.86549
698.208,57.20951
698.418,57.42208
698.629,57.23897
698.839,57.38631
699.05,57.32011
699.26,57.77551
699.47,57.92766
699.681,57.9427
699.891,58.84437
700.102,59.14328
700.312,59.54835
700.522,59.29492
700.733,59.78073
700.943,59.89223
701.153,60.39318
701.363,60.80299
701.574,60.81303
701.784,61.33464
701.994,61.38069
702.204,62.06463
702.414,62.08477
702.625,62.37336
702.835,62.59082
703.045,62.93535
703.255,63.18253
703.465,63.04026
703.675,63.24786
703.885,63.4503
704.095,63.36967
704.305,63.08074
704.515,63.19719
704.725,63.31859
704.935,63.85015
705.145,64.39225
705.355,64.77682
705.565,64.70614
705.775,64.95486
705.985,65.43132
706.195,65.09657
706.405,65.27828
706.614,65.57666
706.824,66.2911
707.034,66.47843
707.244,66.62999
707.454,66.92431
707.663,67.31005
707.873,67.73073
708.083,67.64982
708.292,67.51785
708.502,67.52256
708.712,67.87225
708.921,68.16064
709.131,68.27737
709.341,68.70291
709.55,68.81445
709.76,68.9208
709.969,69.25994
710.179,69.27987
710.388,69.41657
710.598,69.90285
710.807,69.80653
711.017,70.14116
711.226,69.99888
711.436,69.93827
711.645,69.78149
711.855,69.95916
712.064,70.03445
712.273,70.50509
712.483,70.28198
712.692,70.96618
712.901,71.07232
713.111,71.23414
713.32,71.28509
713.529,71.17825
713.739,70.99117
713.948,70.96551
714.157,71.22414
714.366,71.31562
714.575,71.62457
714.785,71.6798
714.994,71.93843
715.203,71.94907
715.412,71.90822
715.621,72.17137
715.83,72.1303
716.039,72.39334
716.248,72.48861
716.457,72.01264
716.666,71.96705
716.875,72.46871
717.084,72.40252
717.293,72.71652
717.502,73.03115
717.711,72.98584
717.92,73.17814
718.129,73.66942
718.338,73.94329
718.547,73.92263
718.755,73.88682
718.964,73.80069
719.173,73.55763
719.382,73.71416
719.591,73.9717
719.799,74.07314
720.008,74.24569
720.217,74.40779
720.425,74.67632
720.634,74.31169
720.843,74.40776
721.051,74.45373
721.26,74.45918
721.469,74.46431
721.677,74.54008
721.886,74.09856
722.094,74.11362
722.303,74.2301
722.511,73.8605
722.72,73.91107
722.928,74.08798
723.137,74.07277
723.345,74.21466
723.554,74.71108
723.762,74.54376
723.971,74.47323
724.179,74.59949
724.387,74.36627
724.596,74.32137
724.804,74.08332
725.012,74.64563
725.221,75.08653
725.429,75.05539
725.637,74.96316
725.845,74.83136
726.054,74.9533
726.262,74.93817
726.47,74.95279
726.678,75.43428
726.886,75.79844
727.095,75.6773
727.303,75.6374
727.511,75.89094
727.719,75.92117
727.927,75.80955
728.135,75.9924
728.343,76.35214
728.551,75.93738
728.759,75.68898
728.967,75.80967
729.175,76.25571
729.383,75.60742
729.591,75.53068
729.799,75.53553
730.007,75.74349
730.214,76.10296
730.422,76.43175
730.63,76.70037
730.838,77.05508
731.046,76.39106
731.254,76.48207
731.461,76.88153
731.669,77.06913
731.877,76.93232
732.085,76.66418
732.292,76.88752
732.5,77.04433
732.708,76.92246
732.915,77.10952
733.123,77.47462
733.331,77.01382
733.538,76.63406
733.746,76.90761
733.953,77.14156
734.161,76.87873
734.368,76.92435
734.576,76.55464
734.783,76.5046
734.991,76.62613
735.198,76.01303
735.406,76.22657
735.613,75.76107
735.821,75.10291
736.028,74.4643
736.235,74.38784
736.443,74.18528
736.65,74.37726
736.857,73.85047
737.065,73.22234
737.272,73.17659
737.479,72.89261
737.686,72.51293
737.894,72.56302
738.101,72.35525
738.308,72.06577
738.515,72.1568
738.722,71.82795
738.929,72.26875
739.137,71.72159
739.344,71.5344
739.551,71.71719
739.758,71.29639
739.965,71.12449
740.172,70.74449
740.379,70.72992
740.586,70.53232
740.793,70.23833
741.0,69.69174
741.207,69.63144
741.414,70.00721
741.621,69.74425
741.828,70.34235
742.034,71.09245
742.241,70.97122
742.448,71.61504
742.655,71.82846
742.862,71.73755
743.069,71.69183
743.275,71.49487
743.482,71.44363
743.689,70.89155
743.896,71.00834
744.102,71.24704
744.309,71.56647
744.516,72.18455
744.722,72.77669
744.929,72.91406
745.135,73.22304
745.342,73.354
745.549,73.79894
745.755,73.92013
745.962,73.83882
746.168,73.40344
746.375,73.25177
746.581,73.30779
746.788,72.8762
746.994,72.44033
747.201,72.96709
747.407,72.76429
747.613,72.33359
747.82,72.68845
748.026,73.05822
748.232,73.00241
748.439,73.19928
748.645,72.76294
748.851,72.88969
749.058,72.99128
749.264,72.73791
749.47,72.74336
749.676,72.49566
749.883,72.47591
750.089,72.53615
750.295,72.91649
750.501,73.07391
750.707,73.15982
750.913,73.46919
751.119,73.07484
751.325,73.01923
751.531,72.64961
751.738,72.8419
751.944,72.87635
752.15,72.69914
752.356,72.65331
752.562,72.68848
752.767,72.69328
752.973,72.87536
753.179,73.01755
753.385,73.00734
753.591,73.57502
753.797,73.65064
754.003,73.99952
754.209,73.60426
754.414,73.92311
754.62,74.01355
754.826,73.83548
755.032,73.69336
755.237,73.23161
755.443,73.72783
755.649,73.92015
755.855,74.08702
756.06,74.23866
756.266,74.60938
756.472,74.69065
756.677,75.18208
756.883,75.15629
757.088,75.18703
757.294,75.28365
757.499,74.96889
757.705,74.94352
757.91,74.77581
758.116,75.0648
758.321,74.88284
758.527,75.1008
758.732,75.00965
758.938,75.21794
759.143,75.47584
759.348,75.96706
759.554,76.16943
759.759,76.22981
759.964,76.59957
760.17,76.85788
760.375,76.90935
760.58,76.81735
760.786,76.97911
760.991,77.0495
761.196,77.35394
761.401,77.24305
761.606,77.56167
761.812,77.51062
762.017,77.38379
762.222,77.68268
762.427,77.85899
762.632,78.31465
762.837,78.28429
763.042,78.35014
763.247,77.95965
763.452,78.28463
763.657,78.43082
763.862,79.0637
764.067,79.28631
764.272,79.47354
764.477,79.62018
764.682,80.04044
764.887,80.25845
765.092,80.2983
765.297,80.71406
765.501,81.12988
765.706,81.26108
765.911,81.28192
766.116,81.6926
766.321,81.99132
766.525,81.85968
766.73,81.66757
766.935,81.76359
767.14,82.06223
767.344,82.17414
767.549,82.64019
767.753,82.20923
767.958,82.11839
768.163,82.01209
768.367,82.11392
768.572,82.04303
768.776,81.57754
768.981,81.7749
769.185,81.9573
769.39,81.96309
769.594,81.33453
769.799,81.07512
770.003,81.41473
770.208,81.67307
770.412,82.05304
770.617,82.24591
770.821,82.27081
771.025,82.39237
771.23,82.88857
771.434,82.71117
771.638,82.89372
771.842,83.06025
772.047,83.5306
772.251,83.58126
772.455,83.2011
772.659,82.89186
772.864,83.08923
773.068,83.63633
773.272,83.6816
773.476,83.53954
773.68,83.83811
773.884,84.32942
774.088,84.81604
774.292,85.13463
774.496,84.98244
774.7,84.66295
774.904,84.34873
775.108,84.73356
775.312,84.93014
775.516,84.33212
775.72,84.82832
775.924,84.87776
776.128,84.98969
776.332,85.07083
776.536,85.41539
776.74,85.85696
776.944,86.07957
777.147,86.18034
777.351,86.47347
777.555,86.19537
777.759,85.99284
777.962,85.86124
778.166,85.77073
778.37,85.5229
778.573,85.05197
778.777,84.95066
778.981,84.87516
779.184,84.84981
779.388,84.48559
779.592,84.23833
779.795,84.00099
779.999,83.42893
780.202,83.1207
780.406,82.77614
780.609,82.38177
780.813,81.82474
781.016,81.51051
781.22,80.89304
781.423,80.31138
781.626,79.37531
781.83,78.60035
782.033,78.46873
782.237,77.67866
782.44,76.84292
782.643,76.01735
782.846,75.74926
783.05,75.16698
783.253,75.01071
783.456,74.28682
783.659,73.97825
783.863,73.33296
784.066,72.95387
784.269,72.74155
784.472,72.10415
784.675,71.34997
784.878,70.97059
785.082,70.8751
785.285,70.00996
785.488,69.81827
785.691,68.84133
785.894,68.04629
786.097,67.85419
786.3,67.1258
786.503,66.55901
786.706,65.75909
786.909,64.68026
787.111,63.82958
787.314,63.54672
787.517,62.55897
787.72,61.81479
787.923,60.87264
788.126,59.7256
788.328,58.87994
788.531,57.77617
788.734,56.78344
788.937,55.97856
789.14,54.75822
789.342,53.55793
789.545,52.65589
789.748,51.69321
789.95,51.2273
790.153,50.82205
790.355,49.75838
790.558,48.94767
790.761,48.06132
790.963,47.76748
791.166,47.6359
791.368,46.74436
791.571,45.56375
791.773,44.57589
791.976,44.15031
792.178,43.11703
792.381,42.70162
792.583,41.91128
792.785,41.29815
792.988,40.73578
793.19,40.01669
793.392,38.91155
793.595,37.73077
793.797,36.86446
793.999,36.40406
794.202,36.09542
794.404,35.01612
794.606,34.09895
794.808,33.02985
795.011,32.38134
795.213,30.98276
795.415,30.37531
795.617,29.75234
795.819,28.71342
796.021,27.79084
796.223,26.38173
796.425,25.8344
796.627,24.91202
796.829,23.63456
797.031,22.73751
797.233,21.66286
797.435,20.89213
797.637,20.27377
797.839,19.92407
798.041,19.26
798.243,17.79951
798.445,16.14144
798.647,15.77822
798.849,15.46084
799.05,15.21452
799.252,14.81402
799.454,14.75613
799.656,13.61145
799.858,12.79746
800.059,12.54638
800.261,12.12062
800.463,12.08194
